,bidang_masalah
0,Lain-lain
1,Pendidikan
2,Lain-lain
3,Lain-lain
4,Lain-lain
5,Pendidikan
6,Lain-lain
7,Lain-lain
8,Lain-lain
9,Lain-lain
10,Pendidikan
11,Lain-lain
12,Lain-lain
13,Lain-lain
14,Lain-lain
15,Lain-lain
16,Lain-lain
17,Lain-lain
18,Pendidikan
19,Lain-lain
20,Lain-lain
21,Lain-lain
22,Lain-lain
23,Lain-lain
24,Lain-lain
25,Lain-lain
26,Lain-lain
27,Pendidikan
28,Lain-lain
29,Lain-lain
30,Lain-lain
31,Lain-lain
32,Lain-lain
33,Lain-lain
34,Lain-lain
35,Lain-lain
36,Lain-lain
37,Lain-lain
38,Lain-lain
39,Lain-lain
40,Lain-lain
41,Lain-lain
42,Lain-lain
43,Lain-lain
44,Lain-lain
45,Lain-lain
46,Lain-lain
47,Lain-lain
48,Lain-lain
49,Lain-lain
50,Energi Sumber Daya Mineral
51,Energi Sumber Daya Mineral
52,Energi Sumber Daya Mineral
53,Energi Sumber Daya Mineral
54,Energi Sumber Daya Mineral
55,Energi Sumber Daya Mineral
56,Energi Sumber Daya Mineral
57,Energi Sumber Daya Mineral
58,Energi Sumber Daya Mineral
59,Energi Sumber Daya Mineral
60,Energi Sumber Daya Mineral
61,Energi Sumber Daya Mineral
62,Energi Sumber Daya Mineral
63,Energi Sumber Daya Mineral
64,Energi Sumber Daya Mineral
65,Energi Sumber Daya Mineral
66,Energi Sumber Daya Mineral
67,Energi Sumber Daya Mineral
68,Energi Sumber Daya Mineral
69,Energi Sumber Daya Mineral
70,Energi Sumber Daya Mineral
71,Energi Sumber Daya Mineral
72,Energi Sumber Daya Mineral
73,Energi Sumber Daya Mineral
74,Energi Sumber Daya Mineral
75,Energi Sumber Daya Mineral
76,Energi Sumber Daya Mineral
77,Energi Sumber Daya Mineral
78,Energi Sumber Daya Mineral
79,Energi Sumber Daya Mineral
80,Energi Sumber Daya Mineral
81,Energi Sumber Daya Mineral
82,Energi Sumber Daya Mineral
83,Energi Sumber Daya Mineral
84,Energi Sumber Daya Mineral
85,Energi Sumber Daya Mineral
86,Energi Sumber Daya Mineral
87,Energi Sumber Daya Mineral
88,Energi Sumber Daya Mineral
89,Energi Sumber Daya Mineral
90,Energi Sumber Daya Mineral
91,Energi Sumber Daya Mineral
92,Energi Sumber Daya Mineral
93,Energi Sumber Daya Mineral
94,Energi Sumber Daya Mineral
95,Energi Sumber Daya Mineral
96,Energi Sumber Daya Mineral
97,Energi Sumber Daya Mineral
98,Energi Sumber Daya Mineral
99,Lain-lain
100,Lain-lain
101,Lain-lain
102,Lain-lain
103,Lain-lain
104,Lain-lain
105,Hukum
106,Hukum
107,Hukum
108,Hukum
109,Hukum
110,Hukum
111,Hukum
112,Hukum
113,Hukum
114,Hukum
115,Hukum
116,Hukum
117,Hukum
118,Hukum
119,Hukum
120,Hukum
121,Hukum
122,Hukum
123,Hukum
124,Hukum
125,Hukum
126,Hukum
127,Pendidikan
128,Hukum
129,Hukum
130,Hukum
131,Hukum
132,Hukum
133,Hukum
134,Hukum
135,Hukum
136,Hukum
137,Hukum
138,Hukum
139,Hukum
140,Hukum
141,Hukum
142,Hukum
143,Hukum
144,Hukum
145,Hukum
146,Hukum
147,Hukum
148,Hukum
149,Hukum
150,Hukum
151,Hukum
152,Hukum
153,Hukum
154,Hukum
155,Hukum
156,Hukum
157,Hukum
158,Hukum
159,Hukum
160,Hukum
161,Hukum
162,Hukum
163,Hukum
164,Hukum
165,Hukum
166,Hukum
167,Hukum
168,Hukum
169,Hukum
170,Hukum
171,Hukum
172,Hukum
173,Hukum
174,Hukum
175,Hukum
176,Hukum
177,Hukum
178,Hukum
179,Hukum
180,Hukum
181,Hukum
182,Hukum
183,Hukum
184,Hukum
185,Hukum
186,Hukum
187,Hukum
188,Hukum
189,Hukum
190,Hukum
191,Hukum
192,Hukum
193,Hukum
194,Hukum
195,Hukum
196,Hukum
197,Hukum
198,Hukum
199,Hukum
200,Hukum
201,Hukum
202,Hukum
203,Hukum
204,Hukum
205,Hukum
206,Hukum
207,Hukum
208,Hukum
209,Hukum
210,Hukum
211,Hukum
212,Hukum
213,Hukum
214,Hukum
215,Hukum
216,Hukum
217,Hukum
218,Hukum
219,Hukum
220,Hukum
221,Hukum
222,Hukum
223,Hukum
224,Hukum
225,Hukum
226,Hukum
227,Hukum
228,Hukum
229,Hukum
230,Hukum
231,Hukum
232,Hukum
233,Hukum
234,Hukum
235,Hukum
236,Hukum
237,Hukum
238,Hukum
239,Hukum
240,Hukum
241,Hukum
242,Hukum
243,Hukum
244,Hukum
245,Hukum
246,Hukum
247,Hukum
248,Hukum
249,Hukum
250,Hukum
251,Hukum
252,Hukum
253,Hukum
254,Hukum
255,Hukum
256,Hukum
257,Hukum
258,Hukum
259,Hukum
260,Hukum
261,Hukum
262,Hukum
263,Hukum
264,Hukum
265,Hukum
266,Hukum
267,Hukum
268,Hukum
269,Hukum
270,Hukum
271,Hukum
272,Hukum
273,Hukum
274,Hukum
275,Hukum
276,Hukum
277,Hukum
278,Hukum
279,Hukum
280,Hukum
281,Hukum
282,Hukum
283,Hukum
284,Hukum
285,Hukum
286,Hukum
287,Hukum
288,Hukum
289,Hukum
290,Hukum
291,Hukum
292,Hukum
293,Hukum
294,Hukum
295,Hukum
296,Hukum
297,Hukum
298,Hukum
299,Hukum
300,Hukum
301,Hukum
302,Hukum
303,Hukum
304,Hukum
305,Hukum
306,Hukum
307,Hukum
308,Hukum
309,Hukum
310,Hukum
311,Hukum
312,Hukum
313,Hukum
314,Hukum
315,Hukum
316,Hukum
317,Hukum
318,Hukum
319,Hukum
320,Hukum
321,Hukum
322,Pendidikan
323,Hukum
324,Hukum
325,Hukum
326,Hukum
327,Hukum
328,Hukum
329,Hukum
330,Hukum
331,Hukum
332,Hukum
333,Hukum
334,Hukum
335,Hukum
336,Hukum
337,Hukum
338,Hukum
339,Hukum
340,Hukum
341,Hukum
342,Hukum
343,Hukum
344,Hukum
345,Hukum
346,Hukum
347,Hukum
348,Hukum
349,Hukum
350,Hukum
351,Hukum
352,Hukum
353,Hukum
354,Hukum
355,Hukum
356,Hukum
357,Hukum
358,Hukum
359,Hukum
360,Hukum
361,Hukum
362,Hukum
363,Hukum
364,Hukum
365,Hukum
366,Hukum
367,Hukum
368,Hukum
369,Hukum
370,Hukum
371,Hukum
372,Energi Sumber Daya Mineral
373,Energi Sumber Daya Mineral
374,Energi Sumber Daya Mineral
375,Hukum
376,Hukum
377,Hukum
378,Hukum
379,Hukum
380,Hukum
381,Hukum
382,Hukum
383,Hukum
384,Hukum
385,Hukum
386,Hukum
387,Hukum
388,Hukum
389,Hukum
390,Hukum
391,Hukum
392,Hukum
393,Hukum
394,Hukum
395,Hukum
396,Hukum
397,Hukum
398,Hukum
399,Hukum
400,Hukum
401,Hukum
402,Hukum
403,Hukum
404,Hukum
405,Hukum
406,Hukum
407,Hukum
408,Hukum
409,Hukum
410,Hukum
411,Hukum
412,Hukum
413,Hukum
414,Hukum
415,Hukum
416,Hukum
417,Hukum
418,Hukum
419,Hukum
420,Hukum
421,Hukum
422,Hukum
423,Hukum
424,Hukum
425,Hukum
426,Hukum
427,Hukum
428,Hukum
429,Hukum
430,Hukum
431,Hukum
432,Hukum
433,Hukum
434,Hukum
435,Hukum
436,Hukum
437,Hukum
438,Hukum
439,Hukum
440,Hukum
441,Hukum
442,Hukum
443,Hukum
444,Hukum
445,Hukum
446,Hukum
447,Hukum
448,Hukum
449,Hukum
450,Hukum
451,Hukum
452,Hukum
453,Hukum
454,Hukum
455,Hukum
456,Hukum
457,Hukum
458,Hukum
459,Hukum
460,Hukum
461,Hukum
462,Hukum
463,Hukum
464,Hukum
465,Hukum
466,Hukum
467,Hukum
468,Hukum
469,Hukum
470,Hukum
471,Hukum
472,Hukum
473,Hukum
474,Hukum
475,Hukum
476,Hukum
477,Hukum
478,Hukum
479,Hukum
480,Hukum
481,Hukum
482,Hukum
483,Hukum
484,Hukum
485,Hukum
486,Hukum
487,Hukum
488,Hukum
489,Hukum
490,Hukum
491,Hukum
492,Hukum
493,Hukum
494,Hukum
495,Hukum
496,Hukum
497,Hukum
498,Hukum
499,Hukum
500,Hukum
501,Hukum
502,Hukum
503,Hukum
504,Hukum
505,Hukum
506,Hukum
507,Hukum
508,Hukum
509,Hukum
510,Hukum
511,Hukum
512,Hukum
513,Hukum
514,Hukum
515,Hukum
516,Hukum
517,Hukum
518,Hukum
519,Hukum
520,Hukum
521,Hukum
522,Hukum
523,Hukum
524,Hukum
525,Hukum
526,Hukum
527,Hukum
528,Hukum
529,Hukum
530,Hukum
531,Hukum
532,Hukum
533,Hukum
534,Hukum
535,Hukum
536,Hukum
537,Hukum
538,Hukum
539,Hukum
540,Hukum
541,Hukum
542,Hukum
543,Hukum
544,Hukum
545,Hukum
546,Hukum
547,Hukum
548,Hukum
549,Hukum
550,Hukum
551,Hukum
552,Pertanahan dan Reforma Agraria
553,Hukum
554,Hukum
555,Hukum
556,Hukum
557,Hukum
558,Pertanahan dan Reforma Agraria
559,Hukum
560,Hukum
561,Hukum
562,Hukum
563,Hukum
564,Hukum
565,Hukum
566,Hukum
567,Hukum
568,Hukum
569,Hukum
570,Hukum
571,Hukum
572,Hukum
573,Hukum
574,Hukum
575,Hukum
576,Hukum
577,Hukum
578,Hukum
579,Hukum
580,Lain-lain
581,Lain-lain
582,Lain-lain
583,Lain-lain
584,Lain-lain
585,Lain-lain
586,Lain-lain
587,Lain-lain
588,Lain-lain
589,Lain-lain
590,Lain-lain
591,Lain-lain
592,Lain-lain
593,Lain-lain
594,Lain-lain
595,Lain-lain
596,Lain-lain
597,Lain-lain
598,Lain-lain
599,Lain-lain
600,Lain-lain
601,Lain-lain
602,Lain-lain
603,Lain-lain
604,Lain-lain
605,Lain-lain
606,Lain-lain
607,Lain-lain
608,Lain-lain
609,Lain-lain
610,Lain-lain
611,Lain-lain
612,Lain-lain
613,Lain-lain
614,Lain-lain
615,Lain-lain
616,Lain-lain
617,Lain-lain
618,Lain-lain
619,Lain-lain
620,Lain-lain
621,Lain-lain
622,Kesehatan
623,Kesehatan
624,Kesehatan
625,Kesehatan
626,Kesehatan
627,Kesehatan
628,Kesehatan
629,Kesehatan
630,Kesehatan
631,Kesehatan
632,Kesehatan
633,Kesehatan
634,Kesehatan
635,Kesehatan
636,Kesehatan
637,Kesehatan
638,Kesehatan
639,Kesehatan
640,Kesehatan
641,Kesehatan
642,Kesehatan
643,Kesehatan
644,Kesehatan
645,Kesehatan
646,Kesehatan
647,Kesehatan
648,Kesehatan
649,Kesehatan
650,Kesehatan
651,Kesehatan
652,Kesehatan
653,Kesehatan
654,Kesehatan
655,Kesehatan
656,Kesehatan
657,Kesehatan
658,Kesehatan
659,Kesehatan
660,Kesehatan
661,Kesehatan
662,Kesehatan
663,Kesehatan
664,Kesehatan
665,Kesehatan
666,Lain-lain
667,Lain-lain
668,Lain-lain
669,Lain-lain
670,Lain-lain
671,Lain-lain
672,Lain-lain
673,Lain-lain
674,Lain-lain
675,Lain-lain
676,Lain-lain
677,Lain-lain
678,Lain-lain
679,Lain-lain
680,Lain-lain
681,Lain-lain
682,Lain-lain
683,Lain-lain
684,Lain-lain
685,Lain-lain
686,Lain-lain
687,Lain-lain
688,Lain-lain
689,Lain-lain
690,Lain-lain
691,Lain-lain
692,Lain-lain
693,Lain-lain
694,Lain-lain
695,Lain-lain
696,Lain-lain
697,Lain-lain
698,Lain-lain
699,Lain-lain
700,Lain-lain
701,Lain-lain
702,Lain-lain
703,Lain-lain
704,Lain-lain
705,Lain-lain
706,Lain-lain
707,Lain-lain
708,Lain-lain
709,Lain-lain
710,Lain-lain
711,Lain-lain
712,Lain-lain
713,Lain-lain
714,Lain-lain
715,Lain-lain
716,Lain-lain
717,Lain-lain
718,Lain-lain
719,Lain-lain
720,Lain-lain
721,Lain-lain
722,Lain-lain
723,Lain-lain
724,Lain-lain
725,Lain-lain
726,Lain-lain
727,Lain-lain
728,Lain-lain
729,Lain-lain
730,Lain-lain
731,Lain-lain
732,Lain-lain
733,Lain-lain
734,Lain-lain
735,Lain-lain
736,Lain-lain
737,Lain-lain
738,Lain-lain
739,Lain-lain
740,Lain-lain
741,Lain-lain
742,Lain-lain
743,Lain-lain
744,Lain-lain
745,Lain-lain
746,Lain-lain
747,Lain-lain
748,Lain-lain
749,Lain-lain
750,Lain-lain
751,Lain-lain
752,Lain-lain
753,Lain-lain
754,Lain-lain
755,Lain-lain
756,Lain-lain
757,Lain-lain
758,Lain-lain
759,Lain-lain
760,Lain-lain
761,Lain-lain
762,Pendidikan
763,Pendidikan
764,Pendidikan
765,Pendidikan
766,Pendidikan
767,Pendidikan
768,Pendidikan
769,Pendidikan
770,Pendidikan
771,Pendidikan
772,Pendidikan
773,Pendidikan
774,Pendidikan
775,Pendidikan
776,Pendidikan
777,Pendidikan
778,Pendidikan
779,Pendidikan
780,Pendidikan
781,Pendidikan
782,Pendidikan
783,Pendidikan
784,Pendidikan
785,Pendidikan
786,Pendidikan
787,Pendidikan
788,Pendidikan
789,Pendidikan
790,Pendidikan
791,Pendidikan
792,Pendidikan
793,Pendidikan
794,Pendidikan
795,Pendidikan
796,Pendidikan
797,Pendidikan
798,Pendidikan
799,Pendidikan
800,Pendidikan
801,Pendidikan
802,Pendidikan
803,Pendidikan
804,Pendidikan
805,Pendidikan
806,Pendidikan
807,Pendidikan
808,Pendidikan
809,Pendidikan
810,Pendidikan
811,Pendidikan
812,Pendidikan
813,Pendidikan
814,Pendidikan
815,Lain-lain
816,Lain-lain
817,Lain-lain
818,Lain-lain
819,Lain-lain
820,Lain-lain
821,Lain-lain
822,Lain-lain
823,Lain-lain
824,Lain-lain
825,Lain-lain
826,Lain-lain
827,Lain-lain
828,Lain-lain
829,Lain-lain
830,Lain-lain
831,Lain-lain
832,Lain-lain
833,Tenaga Kerja
834,Lain-lain
835,Lain-lain
836,Lain-lain
837,Lain-lain
838,Lain-lain
839,Lain-lain
840,Lain-lain
841,Lain-lain
842,Lain-lain
843,Lain-lain
844,Lain-lain
845,Lain-lain
846,Lain-lain
847,Lain-lain
848,Lain-lain
849,Lain-lain
850,Lain-lain
851,Pertanahan dan Reforma Agraria
852,Lain-lain
853,Lain-lain
854,Pertanahan dan Reforma Agraria
855,Pertanahan dan Reforma Agraria
856,Pertanahan dan Reforma Agraria
857,Lain-lain
858,Lain-lain
859,Lain-lain
860,Lain-lain
861,Lain-lain
862,Pertanahan dan Reforma Agraria
863,Pertanahan dan Reforma Agraria
864,Pertanahan dan Reforma Agraria
865,Lain-lain
866,Pertanahan dan Reforma Agraria
867,Pertanahan dan Reforma Agraria
868,Pertanahan dan Reforma Agraria
869,Lain-lain
870,Lain-lain
871,Pertanahan dan Reforma Agraria
872,Pertanahan dan Reforma Agraria
873,Pertanahan dan Reforma Agraria
874,Pertanahan dan Reforma Agraria
875,Pertanahan dan Reforma Agraria
876,Pertanahan dan Reforma Agraria
877,Pertanahan dan Reforma Agraria
878,Pertanahan dan Reforma Agraria
879,Pertanahan dan Reforma Agraria
880,Pertanahan dan Reforma Agraria
881,Pertanahan dan Reforma Agraria
882,Pertanahan dan Reforma Agraria
883,Pertanahan dan Reforma Agraria
884,Pertanahan dan Reforma Agraria
885,Pertanahan dan Reforma Agraria
886,Pertanahan dan Reforma Agraria
887,Pertanahan dan Reforma Agraria
888,Pertanahan dan Reforma Agraria
889,Pertanahan dan Reforma Agraria
890,Pertanahan dan Reforma Agraria
891,Pertanahan dan Reforma Agraria
892,Pertanahan dan Reforma Agraria
893,Pertanahan dan Reforma Agraria
894,Pertanahan dan Reforma Agraria
895,Pertanahan dan Reforma Agraria
896,Pertanahan dan Reforma Agraria
897,Pertanahan dan Reforma Agraria
898,Pertanahan dan Reforma Agraria
899,Pertanahan dan Reforma Agraria
900,Pertanahan dan Reforma Agraria
901,Pertanahan dan Reforma Agraria
902,Pertanahan dan Reforma Agraria
903,Pertanahan dan Reforma Agraria
904,Pertanahan dan Reforma Agraria
905,Pertanahan dan Reforma Agraria
906,Pertanahan dan Reforma Agraria
907,Pertanahan dan Reforma Agraria
908,Pertanahan dan Reforma Agraria
909,Pertanahan dan Reforma Agraria
910,Pertanahan dan Reforma Agraria
911,Pertanahan dan Reforma Agraria
912,Pertanahan dan Reforma Agraria
913,Pertanahan dan Reforma Agraria
914,Pertanahan dan Reforma Agraria
915,Pertanahan dan Reforma Agraria
916,Pertanahan dan Reforma Agraria
917,Pertanahan dan Reforma Agraria
918,Pertanahan dan Reforma Agraria
919,Pertanahan dan Reforma Agraria
920,Pertanahan dan Reforma Agraria
921,Pertanahan dan Reforma Agraria
922,Pertanahan dan Reforma Agraria
923,Pertanahan dan Reforma Agraria
924,Pertanahan dan Reforma Agraria
925,Pertanahan dan Reforma Agraria
926,Pertanahan dan Reforma Agraria
927,Pertanahan dan Reforma Agraria
928,Pertanahan dan Reforma Agraria
929,Pertanahan dan Reforma Agraria
930,Pertanahan dan Reforma Agraria
931,Pertanahan dan Reforma Agraria
932,Pertanahan dan Reforma Agraria
933,Pertanahan dan Reforma Agraria
934,Pertanahan dan Reforma Agraria
935,Pertanahan dan Reforma Agraria
936,Pertanahan dan Reforma Agraria
937,Pertanahan dan Reforma Agraria
938,Pertanahan dan Reforma Agraria
939,Pertanahan dan Reforma Agraria
940,Pertanahan dan Reforma Agraria
941,Pertanahan dan Reforma Agraria
942,Pertanahan dan Reforma Agraria
943,Pertanahan dan Reforma Agraria
944,Pertanahan dan Reforma Agraria
945,Pertanahan dan Reforma Agraria
946,Pertanahan dan Reforma Agraria
947,Pertanahan dan Reforma Agraria
948,Pertanahan dan Reforma Agraria
949,Pertanahan dan Reforma Agraria
950,Pertanahan dan Reforma Agraria
951,Pertanahan dan Reforma Agraria
952,Pertanahan dan Reforma Agraria
953,Pertanahan dan Reforma Agraria
954,Pertanahan dan Reforma Agraria
955,Pertanahan dan Reforma Agraria
956,Pertanahan dan Reforma Agraria
957,Pertanahan dan Reforma Agraria
958,Pertanahan dan Reforma Agraria
959,Pertanahan dan Reforma Agraria
960,Pertanahan dan Reforma Agraria
961,Pertanahan dan Reforma Agraria
962,Pertanahan dan Reforma Agraria
963,Pertanahan dan Reforma Agraria
964,Pertanahan dan Reforma Agraria
965,Pertanahan dan Reforma Agraria
966,Pertanahan dan Reforma Agraria
967,Pertanahan dan Reforma Agraria
968,Pertanahan dan Reforma Agraria
969,Pertanahan dan Reforma Agraria
970,Pertanahan dan Reforma Agraria
971,Pertanahan dan Reforma Agraria
972,Pertanahan dan Reforma Agraria
973,Pertanahan dan Reforma Agraria
974,Pertanahan dan Reforma Agraria
975,Pertanahan dan Reforma Agraria
976,Lain-lain
977,Lain-lain
978,Lain-lain
979,Lain-lain
980,Lain-lain
981,Lain-lain
982,Lain-lain
983,Lain-lain
984,Lain-lain
985,Lain-lain
986,Lain-lain
987,Lain-lain
988,Lain-lain
989,Lain-lain
990,Lain-lain
991,Lain-lain
992,Lain-lain
993,Lain-lain
994,Tenaga Kerja
995,Lain-lain
996,Lain-lain
997,Lain-lain
998,Tenaga Kerja
999,Tenaga Kerja
1000,Tenaga Kerja
1001,Tenaga Kerja
1002,Tenaga Kerja
1003,Tenaga Kerja
1004,Tenaga Kerja
1005,Tenaga Kerja
1006,Tenaga Kerja
1007,Tenaga Kerja
1008,Tenaga Kerja
1009,Tenaga Kerja
1010,Tenaga Kerja
1011,Tenaga Kerja
1012,Tenaga Kerja
1013,Tenaga Kerja
1014,Tenaga Kerja
1015,Tenaga Kerja
1016,Tenaga Kerja
1017,Tenaga Kerja
1018,Tenaga Kerja
1019,Tenaga Kerja
1020,Tenaga Kerja
1021,Tenaga Kerja
1022,Tenaga Kerja
1023,Tenaga Kerja
1024,Tenaga Kerja
1025,Tenaga Kerja
1026,Tenaga Kerja
1027,Tenaga Kerja
1028,Tenaga Kerja
1029,Tenaga Kerja
1030,Tenaga Kerja
1031,Tenaga Kerja
1032,Tenaga Kerja
1033,Tenaga Kerja
1034,Tenaga Kerja
1035,Tenaga Kerja
1036,Tenaga Kerja
1037,Tenaga Kerja
1038,Tenaga Kerja
1039,Tenaga Kerja
1040,Tenaga Kerja
1041,Tenaga Kerja
1042,Tenaga Kerja
1043,Tenaga Kerja
1044,Tenaga Kerja
1045,Tenaga Kerja
1046,Tenaga Kerja
1047,Tenaga Kerja
1048,Tenaga Kerja
1049,Tenaga Kerja
1050,Tenaga Kerja
1051,Tenaga Kerja
1052,Tenaga Kerja
1053,Tenaga Kerja
1054,Tenaga Kerja
1055,Tenaga Kerja
1056,Tenaga Kerja
1057,Tenaga Kerja
1058,Tenaga Kerja
1059,Tenaga Kerja
1060,Tenaga Kerja
1061,Tenaga Kerja
1062,Tenaga Kerja
1063,Tenaga Kerja
1064,Tenaga Kerja
1065,Tenaga Kerja
1066,Tenaga Kerja
1067,Tenaga Kerja
1068,Tenaga Kerja
1069,Tenaga Kerja
1070,Tenaga Kerja
1071,Tenaga Kerja
1072,Tenaga Kerja
1073,Tenaga Kerja
1074,Tenaga Kerja
1075,Tenaga Kerja
1076,Tenaga Kerja
1077,Tenaga Kerja
1078,Tenaga Kerja
1079,Tenaga Kerja
1080,Tenaga Kerja
1081,Tenaga Kerja
1082,Tenaga Kerja
