,0
0,ingin tanya adu nomor tiket g pernah kirim tampil website ubah adu penyalahgunaan wewenang curang zonasi tempat asn menteri agama
1,anggar didik bos kemendikbud
2,surat adu posbakum agama
3,materi wabah masuk ajar alquran hadis akidah akhlak ajar agama
4,harap kunjung presideniden menteri agama bmq at tartil
5,luncur asrama bas pondok pesantren
6,soal transformasi iakn jadi ukn tarutung
7,lindung gereja
8,lindung aman upa surat rekomendasi
9,adu lapor usir ritual ibadah
10,cair dana tunjang didik guru swasta tpp tpg non pns cair tiap bulan cair dana bos madrasah tiap bulan sekali sblm semester
11,tindak lanjut kena berat tolak umat buddha tridharma hadap daftar mantra
12,henti tunjang khusus daerah
13,bijak posbakum adil agama
14,duga praktik nepotisme kolusi rekrut pramubakti rasa pegawai negeri ditjen bimas kristen menteri agama
15,lindung adil hadap pns
16,lapor berat bijak bupati sigi tidak laku ptdh sdr kaimudin ponulele spd
17,aspirasi gtkhnk kota sibolga
18,adu lapor kait ijazah sman jambi
19,formasi cpns
20,inpassing tara jabat fungsional dosen lektor harus iva aku iiid
21,wenang wenang tempat cpns
22,formasi cpns
23,adu duga gagal kasn awal sistem meritrokrasi duga praktik kolusi nepotisme laksana isi jpt pratama lingkung provinsiinsi banten
24,aju angkat sus jaga sekolah jadi pns yang abdi lama
25,duga atur nilai skb cpns kemendikbuddikti
26,apresideniasi aspirasi rakyat
27,formasi asn pppk guru paud
28,adu pns
29,panjang cuti praja
30,formasi cpns
31,revisi atur perintah nomor tentang manajemen pns
32,revisi atur perintah no tentang manajemen pns
33,aspirasi gtkhnk buton
34,adu mohon audiensi kait masalah lantik angkat bapakakhmad marjukie bagai wakil bupati bekas pilih masa sisa jabat
35,lindung hukum klien rina lauwy kosasih korban duga selingkuhp suami antoniuss kosasih dirut taspen
36,tindak tega hukum duga unsur suap kasus kosong eksekusi paksa surabaya libat oknum jabat negara
37,surat buka mosi percaya
38,nasib mahasiswa kuliah akreditasi prodi baikdalam syarat administrasi seleksi asn lembaga perintah
39,adu hadap nasib tugas bko nusakambangan
40,tipu oknum tni al
41,executive review upa batal cabut putus bupati sukabumi kep bkpsdm
42,lapor buat lawan hukum laku sdr freddy harris direktur jenderal kaya intelektual
43,selesai masalah tetap nip tindak lanjut usul nip kiswanto cpns
44,tipu oknum tni al
45,adu oknum anggota tni ad
46,adu oknum anggota tni al
47,sister akomodasi ubah sk inpassing
48,ketat seleksi jadi guru sekolah negeri swasta
49,lapor hadap pns nakal
50,komisi perintah kena butuh sumber daya
51,tanya adu kena pertamina
52,migas komisi komisi
53,menteri esdm duga usul presideniden angkat anggota komite bph migas tidak penuh syarat sesuai atur undang undang
54,usut rugi uang negara dbh pbb migas ta kapuas provinsiinsi kalteng
55,komisi yang migas
56,fasilitas realisasi rekomendasi pemkab barsel pt adaro indonesiaa bayar kompensasi kelompok desa rangga ilung
57,komisi yang migas
58,komisi yang migas
59,komisi yang migas
60,komisi yang migas
61,komisi yang migas
62,baleg komisi komisi
63,adu sekongkol rusa tambang milk masyarakat
64,komisi dan baleg
65,komisi yang migas
66,baleg komisi migas
67,surat aju tuntut adat masyarakat adat masyarakat warga suku besar sebyar teluk bintuni provinsiinsi papua barat
68,informasi klarifikasi tindaklanjut temu bahas berat buka hasil seleksi ketudan anggota komite bph migas surat undang kesdm no und kp sjn mohon batal surat panitia seleksi pm kp sjn hasil seleksi isi calon ketua anggota komite badan atur sedia penditribusian bahan bakar minyak giat gas bumi lalu pipa bph migas
69,baleg komisi komisi
70,bangun jalan pt epi lintas areal lahan kelompok tani sinar meriu abab
71,komisi serta baleg dpr
72,komisin dan baleg
73,lapor adu berat aktivitas tambang batu kapur batu trass prima karya manunggal anak cabang semen tonasa sulsel lokasi sertifikat shm shm kupa mallusetasi barru
74,komisi komisi baleg dpr
75,baleg komisi yang migas
76,baleg komisi yang migas
77,baleg dpr komisi komisi
78,adu minta kepala migas lanjut proses buat sertifikat
79,baleg komisi yang migas
80,komisi komisi bidang migas
81,komisi migas
82,hukum perkara no pdt sus pkpu niaga pst hadap camar resources canada inc pkpu selaku operator blok bawean kkks jamin cost recovery perintah
83,informasi klarifikasi tindaklanjut temu bahas berat buka hasil seleksi ketudan anggota komite bph migas surat undang kesdm no und kp sjn mohon batal surat panitia seleksi pm kp sjn hasil seleksi isi calon ketua anggota komite badan atur sedia penditribusian bahan bakar minyak giat gas bumi lalu pipa bph migas
84,komisi komisi baleg
85,sikap tuntut masyarakat pulau tanimbar hadap distribusi manfaat industri migas wilayah kerja blok masela provinsiinsi malu
86,komisi bidang migas
87,hukum perkara no pdt sus pkpu niaga pst hadap camar resources canada inc pkpu selaku operator blok bawean kkks jamin cost recovery perintah
88,petisi tolak masyarakat hadap rencana usaha tambang eksplorasi pt gunung makmur indah desa kasiieh camat taniwel seram barat malu
89,komisi yang migas
90,pemberitahuan portal tutup lahan sengketa
91,masalah nuklir ruu ebt bertenatangan uu ketenagakerjaan
92,komisi komisi baleg
93,baleg komisi komisi
94,berantas sarang nyamuk malaria covid daerah batas
95,komisi yang migas
96,lindung adu tindak skk migas tidak patuh hukum
97,komisi komisi baleg
98,baleg dpr komisi komisi dpr
99,langgar serius praktik kerja paksa hadap abk labuh muara baru
100,lapor kasus tangkap wenang wenang polres manggarai barat
101,langgar serius praktik kerja paksa hadap abk labuh muara baru
102,lapor duga langgar hukum hak asasi manusia rekayasaa kasus
103,perhati kasus kemanusian
104,lapor langgar
105,darurat lindung tega hukum adil
106,ruu pas
107,temu bapak pangeran khairul saleh wakil ketua komisi
108,adu masyarakat duga tindak pidanaa tubuh perkosa
109,adu kait lapor masyarakat hadap indikasi korupsi jadi camat silah sabung kabupaten dairi sumut besar rp enam ratus juta rupiah mana indikasi korupsi bantu dana csr corporate social responsibility dari salah anak usaha bumn masyarakat rajin ulos camat silalahi sabung lalu deskranasda dairi
110,adu fakta hukum kait bukti bukti ganguan palsu berita
111,lapor adu
112,tindak lanjut lapor polisi no slttlp spkt polisi negara daerah sumsel
113,duga biar lindung ojk bpr restu artha makmur bpr ram semarang jateng tutup bpr restu artha makmur
114,nyata sikap badan bina ideologi pancasila bpip ruu hip ruu pip
115,lapor adu hukum
116,pemberitahuan lanjut surat adu
117,lapor tindak wenang wenang dilakuakan pihak yayasan islam bima hadap warga desa madawau
118,adu ditindaklanjuti
119,lindung tega hukum
120,halang hadir wawancara interview subdit harda bang ditreskrimum polda jambi hari selasa juli
121,adu mohon lindung hukum limpah berkas lapor polisi no iii pmj jaksel maret jaksa ri
122,ditindaklanjuti segera pasti hukum
123,adu adil hukum masalah
124,lapor adu hakim mahkamah ri indonesiaa jalan tugas cara tidak profesional file
125,adu hadap nasib tugas bko nusakambangan
126,ombudsman jaksa lindung bunuh novel baswedan
127,siswa sma masalah
128,batal calon lulus pilih taruna akpol tamtama polri wilayah polda kepri
129,kenan temu audiensi tuntas selesai aset pailit bal consultantt life insurance
130,adu tindak pidanaa korupsi
131,adu masalah
132,lindung hukum rencana eksekusi depo bbm pertamina bitung sulawesi utara
133,adu mohon audiensi
134,surat adu seleweng dana
135,lindung hukum awas
136,lindung hukum lapor tindak pidanaa
137,tulis judul manfaat besar umum rakyat kecil awas bank ke bi
138,lindung hukum debitur pailit tetapi terang bukti guna pailit sidang buat tresangka polda sulsel
139,adil tega hukum dasar maha esa uud pancasila bantu kapolrestabes surabaya kenan mohon bantu lindung hukum
140,tulis judul manfaat besar umum rakyat kecil awas bank ke bi
141,adu hadap hakim niaga jakpus hakim awas kurator bpk suhendro masalah hak uang sangon putus mahkamah ri belum bayar
142,berat tahan telah lewat amar putus perkara pidanaa
143,ansarudin laku tindak pidanaa tipu kebal hukum preman aksi preman
144,adu tangan kasus
145,hasil kaji nyata sikap ruu cipta kerja klaster didik
146,adu masyarakat mohon bantu hukum selesai lapor polisi no viii pmj restro tangerang kota cipta adil pasti hukum
147,surat adu mohon lindung hukum limpah berkas lapor polisi no iii pmi jaksel maret jaksa ri
148,surat adu mohon lindung hukum limpah berkas lapor polisi no iii pmi jaksel maret jaksa ri
149,buka blokir
150,lindung hukum tega hukum adil nasabah wanaratha
151,adil lindung hukum
152,tindak hukum adil
153,adu karya pers pidanaa
154,tindak lanjut surat no lo hsp kel feb mohon tari penganan perkara bagai lapor polisi no tbl pmj ditreskrimum tanggal agustus unit resmob sat reskrim polres metro jakpus
155,lapor guna ijazah palsu
156,ansarudin laku korupsi laku tindak pidanaa tipu kebal hukum preman aksi preman
157,adu putus perkara pid sus bnj putus sah turut hukum tentang uud
158,adil depan hukum
159,rakyat mengugat ketidakadilan hukum indonesiaa
160,tempuh hukum adil ptun pidanaa perdata semua putus menang tan hukum tetap ma tetap dapat kelola skp hph terbit kait pt kebun sawit rusak aset negara hutan alam buffer zone tngl langkat lalai biar diskriminasi jadi langgar hukum menteri lingkung hidup hutan
161,adu curang oknum oknum kait perkara no pid sus smg rugi oleh itu semua rekayasa tuju singkir bunuh dan juga lindung hukum
162,adu putus perkara pid sus bnj putus sah turut hukum tentang uud
163,adil
164,lapor adu hadap tahan tindak sah arbitory detention perkara no pen pid sus tpk bdg duga jebak dakwa audiensi
165,serang senjata biologi covid
166,bantu lindung hukum tindak wenang wenang penyalahgunaan wewenang oknum otorita batam sekongkol laku jahat pt solomon global asia masuk oknum badan tanah kota batam
167,lindung hukum
168,lapor laksana aksi demonstrasi tuntut pemberantasasn narkoba labuh
169,adu duga buat lawan hukum sms cab palopo
170,adil lindung hukum hearing duga penyalahgunaan wewenang oknum jabat ditjen uang ditjen pajak ditjen tega hukum medan oknum jaksa tagan perkara sebut duga laku kriminalisasi pengkepadaisian hadap wajib pajak taat hukum taat bayar wajib pajak negara akibat orang tidak salah jalan hukum
171,lindung hukum untuk tindak laksana rencana laksana eksekusi putus klas bale bandung
172,awas adil hakim tega benar perkara perdata sekarang banding howard genial kabul gugat
173,lindung hukum
174,bukti bukti hadap kuasa fisik tanah kapling no rt desa dusun mudo camat muara papalik tanjung jabung barat jambi
175,kejar manggarai barat jpu salesius guntur laku tahan cara langgar hukum
176,tunjuk tata cara adu duga layan buruk tegak hukum nkri
177,lapor duga tindak pidanaa serobot tanah kuasa hak orang
178,lapor duga tindak pidanaa serobot tanah kuasa hak orang
179,rakyat gugat ketidakadilan hukum indonesiaa
180,adu layan sidik polres nias yang melakukuan pemenriksaan kena tindak pidanaa aniaya berat hingga bagai korban jadi berat hingga bagai korban jadi bagai sangka
181,lapor guna ijazah palsu
182,surat mohon awas adil hakim tegak benar perkara perdata no pdt mtp no pdt mtp no pdt mtp sekarang banding howard genial di kabul gugat
183,duga pihak sidik
184,untuk awas perintah menteri negeri laksana putus putus sudah kuat hukum tetap
185,lapor selesai perkara eksekusi perkara perdata no pdt ptk no pdt ptk no pdt
186,surat no w tun hk
187,ganggu hewan pelihara
188,simpang uud
189,lapor duga jadi tindak pidanaa debitur nasabah proses cair kredit perban perkara pailit no pdt sus pailit sby
190,surat no kh lap
191,surat no w tun hk
192,lapor duga langgar kepadae etik pedoman perilaku hakim
193,lindung hukum adil
194,adu mohon lindung hukum
195,adu mohon lindung hukum
196,adu mohon lindung hukum
197,tunda kejangalan sidang perkara perdata no pdtpn ckr pn cikarang
198,pantau laksana pasal kuhpp laksana majelis hakim periksa adil putus perkara pidanaa pid bks laksana jpu kejar kota bekas
199,pantau laksana pasal kuhpp laksana majelis hakim periksa adil putus perkara pidanaa pid bks laksana jpu kejar kota bekas
200,surat pemberitahuan
201,tagan perkara tidak profesional tidak adil
202,alih tahan rumah pasal uu no dan hindar wabah covid kemanusian
203,lapor adu duga gelap tanah rumah peras paksa rusa bangun beberapa tanah rumah kranggan depok jabar
204,tagan tidak profesional duga konflik penting jaksa desi rohman tugas khusus lapor duga korupsi kantor wilyah menteri agama provinsiinsi jatim tanya dan apa tiga lapor duga korupsi wilayah menteri agama jatim tangan jaksa desi rohman
205,lapor adu aspirasi
206,lindung hukum mohon tunda laksana eksekusi soang tanah dengan amar putus jaktim no pdt tim september
207,lindung hukum adil
208,adu lapor
209,lapor oknum anggota dpd
210,lindung hukum duga kriminalisasi hadap wulan yuspita sari orang ibu bhayangkari
211,lindung hukum duga kriminalisasi hadap wulan yuspita sari orang ibu bhayangkari
212,tanggap pegang polis wanaartha life nasabah wal
213,adu masyarakat lapor masyarakat lindung hukum duga tindak penyalahgunaan wewenang sidik tangan lapor polisi no bareskrim januari
214,lanjut surat setjen dpr
215,adu mohon rekomendasi
216,lindung hukum mati tak wajar abdi sanjaya ginting duga sekongkol jahat hadap hasil otopsi curiga
217,lanjut surat setjen dpr
218,ironis institusi polri
219,birokrasi duga pungli
220,adu majelis hakim
221,pemberitahuan kai no kai no ka do
222,tarik personil jabat kapolres blitar mabes polri
223,wr
224,sphp lapor polisi no lpb um spkt november
225,tindak profesional majelis hakim adil agama padang no perkara pdt pta pdg penyalahgunaan wewenang ketua pta padang
226,audiensi usul tambah tegas pasal aniaya binatang rancang kuhpp
227,berat lapor polisi no bareskrim september surat perintah lidi no sp lidik ix dit tipidum september
228,adu komisi dpr kait telah jadi saksi oknum polisi bripka aguspit langinusa polsek panguyuman pantai boalemo hubung perkara gelap
229,kisah djoko chandra polres bogor
230,susul lapor duga langgar kepadae etik pedoman perilaku hakim
231,cara profesional
232,adu layan diskriminasi hukum polres sukoharjo
233,lapor guna ijazah palsu
234,lindung hukum laku bagai teroris
235,mohon lindung hukum rasa adil nasabah asuransi jiwa kresna wanaartalife
236,kait adu
237,bagai dampak gagal bayar anggota sejak bulan belum pandemi covid dalam proses pkpu tunda wajib bayar utang adil negeri niaga bungur jakpus sebab lapor kreditur anggota tahu anggota koperasi
238,pandang saran masyarakat peduli nkri lampir poin d
239,adil tega hukum dasar tuhan yme uud pancasila mohon bantu lindung hukum hubung temu beberapa bukti bukti baru dukung surat bapak ketua komisi polisi di jakarta surat september
240,minta adil bantu hukum kait tari unit motor jalan
241,adu klien humisar sahalah kepada ketua komisi dpr agar beri atensi hadap periksa pajak duga tindak pidanaa gelap pajak lapor agus handaja
242,duga sekongkol jahat hadap hasil otopsi curiga dr asan petrus mked for spfm dr nasib mangoloi situmorang for spfm
243,aspirasi hadap salah tentu pasal rancang kuhp pidanaa
244,ekspose gelar perkara ulang lapor polisi lp pmj resju agustus
245,lapor guna ijazah palsu
246,surat pemberitahuan kembang hasil sidi sphp ekspose gelar perkara ulang lapor polisi lp resju juni
247,buat mall administrasi ketua pta padang tindak penyalahgunaan wewenang ketua pa sijunjung
248,lindung hukum
249,lindung pasti hukum
250,buat lawan hukum laku sdr freddy harris ditjen kaya intelektual
251,masuk bapak presideniden semua mang jabat bidang tega hukum
252,adu oknum
253,tunjuk arah ambil hukum lebih lanjut lahir penegkan adil hukum kara tidak lahir rugi pihak mana yang kait objek sengketa tidak terbit sppt surat alas hak sertifikat an klien sutisna suwarta cs para ahli waris almh oerki oerkinah engkik
254,adu hadap majelis hakim pta padang no pdt pta pdg
255,lapor adu berat proses kepadae etik profesi polri akreditor polrestabes makassar kapolda sulsel
256,bantu tawas copot oknum polda jawa yang libat bandar narkoba judi prostitusi
257,lindung hukum mohon jelas
258,surat berat putus hakim
259,tembus tegak hukum
260,adu putus kontrak kerja cara
261,kembali status asimilasi rumah
262,atensi perkara kasasi nomor registrasi w u ht kas selesai kasus kelola anggar graha mas cempaka mas
263,lapor adu ketidaknyamanan
264,adil lindung hukum
265,adil pasti hukum
266,panggil pimpin danamon akibat belum bayar asuransi bakar duga laku royak ht lelang tetap eksekusi jadi buat hukum
267,pemberitahuan mohon
268,korupsi laku anggota dprd an elly trisanti se akt ditutaskan kpk jaksa negeri padang tidak mampu bukti mau ajak elly trisanti se akt tidak jerat hukum
269,adu sekongkol jahat sidik polres rau sama supra bara energi tangan lapor polisi lp polda kaltim spkt tanggal pebruari rusa kebun kelapa sawit milk masyarakat
270,adu masyarakat kena oknum polisi
271,lindung hukum
272,adu lanjut surat no am duga penyalahgunaan wewenang kuasa kasat reskrim sidik bantu polresta padang sumbar
273,bantu mal administrasi pasti hukum ada ajb warkah buku tanah telaga golf sawangan depok
274,nyata hukum mobil terios toi
275,nyata hukum mobil terios toi
276,audiensi urgensi bentuk sub direktorat khusus pidanaa ketenagakerjaan polisi
277,lapor duga keliru terap atur undang undang
278,lindung hukum tindak luar hukum laku bataliyon zipur jp kostrad pasuruan jatim upa tutup paksa kuasa hak stasiun isi bahan bakar umum spbu letak jalan sukarno hattam kel karanganyar camat panggunrejo kota pasuruan jawa yang rupa hak kelola
279,adalah jerit hati orang istri suami pidanaa salah tidak dengan fakta hukum
280,turun tangan tagan kasus dana desa pulau nias bupati ada bibit kab nias
281,adu
282,adu status hukum feri sofiyan
283,lapor kasus korupsi walikota probolingo periode walikota probolingo periode
284,bantu tega hukum adil hukum manfaat hukum hadap tindak aparatur sipil negara adil medan korban hak hak bagai wni lindung konstitusi uu
285,lapor duga langgar kepadae etik perilaku hakim laku majelis hakim perkara no pid sus bln nopember nama zainal ilmi almzain banding putus adil negeri batulicin no pid sus bln nama pair alm kasmuni desember
286,surat adu
287,bantu selesai sertifikat hak no no an wayan suwetja
288,ekspedisi surat agustus kira bentuk tim investigasi khusus presideniden dpr untuk usut tuntas masalah karenaa indikasi oknum yang mengatasnamakan institusi lembaga negara
289,mohonan adil
290,ekspedisi surat agustus kira bentuk tim investigasi khusus presideniden dpr untuk usut tuntas masalah karenaa indikasi oknum yang mengatasnamakan institusi lembaga negara
291,perhati lindung adil pasti hukum
292,beri bantu perlu hindar terap hukum mati
293,lindung hukum
294,ibu kenan minta materi hukum ham perintah dirjen ahu buka blokir sistem administrasi badan hukum sabh yayasan trisakti
295,ibu kenan minta materi hukum ham perintah dirjen ahu buka blokir sistem administrasi badan hukum sabh yayasan trisakti
296,pemberitahuan ambil alih lahan no patut duga ilegal poktan anak nagari rantau pasaman
297,pemberitahuan ambil alih lahan no patut duga ilegal poktan anak nagari rantau pasaman
298,extra attentie perhati adu kepada kapolda jatim nov duga kuat jadi tindak pidanaa kantor bpk surabaya
299,lindung hukum
300,hadir negara beri lindung hukum tanggung jawab selesai kasus kasus pailit bal consultant life insurance pailit tidak pernah sentuh belum selesai sidik lapor polisi des
301,lindung hukum diri dan sanksi
302,ungkap duga kriminalisasi perkara perdata jl jend sudirman no bandung
303,lindung hukum henti lapor palsu kriminalisasi perdata praktik indsutri hukum
304,lapor masyarakat
305,adil transaksi pln batubara pt megapura prima industri
306,surat antar adu lapor
307,supervisi evaluasi kerja dirkrimun polda aceh
308,lapor adu
309,lanjut tuntas kasus tanah di jatikarya bekas jawa barat di pmj cara adil tidak maju temu baru sertifikat ilegal
310,putus kasasi hakim aneh hadap kasus korupsi pstl salah perangkat desa desa
311,putus
312,lapor gubernur riau kad lhkk riau bupati siak manager rapp
313,harap ada gagal untuk pilih kapolri baru benar benar promoter
314,harap ada gagal untuk pilih kapolri baru benar benar promoter
315,kuasa tempat usaha
316,nyata sikap
317,lamban tagan hukum polres alor
318,laku aparat polisi daerah babel hadap masyarakat pesisir pantai matras dengan saren bangka diangap nelayan tempat bagai tindak kriminalisasi
319,adu duga tindak wenang wenang keroyok peras sekap rusa rumah curi rendah harkat martabat polri
320,laksana sp perintah hakim jangan siksa klien sidik lampung tidak jalan putus adil
321,laksana sp perintah hakim jangan siksa klien sidik lampung tidak jalan putus adil
322,adu masyarakat oknum guru
323,nama adil benar minta atensi ketua dpr awal tega hukum kasus gagal bayar asuransi jiwa kresna
324,lindung hukum
325,cari adil
326,nyata hukum selesai kredit leasing acc mobil terios toi
327,cari adil
328,adu masyarakat rekomendasi lembaga somasi
329,adu salah lembaga bantu hukum
330,pasar narkoba legal bangun bnn di kampung bahari tg priok jakarta utara
331,berat upaya batal putus inkracht perkara no pdt sus pkpu niaga pst pailit agustus lalu kasasi
332,adu masyarakat
333,berat upaya batal putus inkracht perkara no pdt sus pkpu niaga pst pailit agustus lihat mediasi kasasi
334,minta lindung hukum
335,berat upaya batal putus inkracht perkara no pdt sus pkpu niaga pst pailit agustus lalu kasasi
336,berat upaya batal putus inkracht perkara no pdt sus pkpu niaga pst pailit agustus lalu kasasi
337,berat upaya batal putus inkracht perkara no pid sus pkpu niaga pst pailit agustus m lalu kasasi
338,adu mohon bantu hukum
339,lindung hukum dan hadap
340,preman ptc pertamina ormas pemuda pancasila
341,lindung hukum lapor adu
342,lapor buat lawan hukum laku sdr freddy harris direktur jenderal kaya intelektual
343,berat upaya batal putus inkracht perkara no pdt sus pkpu niaga pst pailit agustus lalu kasasi
344,beri kuasa khusus
345,tindaklanjut adu
346,berat upaya batal putus inkracht perkara no pdt sus pkpu niaga pusat pailit agustus lalu kasasi
347,berat upaya batal putus inkracht perkara no pdt sus pkpu niaga pusat pailit agustus lalu kasasi
348,berat upaya batal putus inkracht perkara no pdt sus pkpu niaga pst pailit agustus lalu kasasi
349,berat upaya batal putus inkracht perkara no pdt sus pkpu niaga pst pailit agustus lalu kasasi
350,audiensi tindak oknum anggota dpr komisi sdr habiburokhman mh
351,adu buat lawan hukum pmh
352,berat upaya batal putus inkracht perkara no pdt sus pkpu niaga pusat pailit agustus lalu kasasi
353,berat upaya batal putus inkracht perkara no pdt sus pkpu niaga pusat pailit agustus lalu kasasi
354,berat upaya batal putus inkracht perkara no pdt sus pkpu niaga pst pailit agustus lalu kasasi
355,tindak tegas
356,adu masyarakat tindak hukum
357,lindung tega hukum
358,dan adu
359,adil lindung
360,berat upaya batal putus inkracht perkara no pdt sus pkpu niaga pst pailit agustus lalu kasasi
361,berat upaya batal putus inkracht perkara no pdt sus pkpu niaga pusat pailit agustus lalu kasasi
362,adu masyarakat
363,ayom lindung hukum para laku rusa oknum polisi tidak sifat netral
364,cabut uu no tentang akuntan publik uu akuntan nama publik dengan baik pasal pasal tidak diskriminatif
365,berat ada putus jakarta yang beda satu perkara no pdt suspkpu niaga pst agustus februari lalu kasasi
366,berat ada putus jakarta yang beda satu perkara no pdt suspkpu niaga pst agustus februari lalu kasasi
367,berat ada putus jakarta yang beda satu perkara no pdt suspkpu niaga pst agustus februari lalu kasasi
368,berat ada putus jakarta yang beda satu perkara no pdt suspkpu niaga pst agustus februari lalu kasasi
369,berat ada putus jakarta yang beda satu perkara no pdt suspkpu niaga pst agustus februari lalu kasasi
370,berat ada putus jakarta yang beda satu perkara no pdt suspkpu niaga pst agustus februari lalu kasasi
371,berat ada putus jakarta yang beda satu perkara no pdt suspkpu niaga pst agustus februari lalu kasasi
372,adu masalah rugi tanah bangun proyek migas desa paisubololi bangga provinsiinsi sulawesi
373,adu telah jadi wenang wenang laku supra bara energi laku eksploitasi batubara ilegal pit area kebun kelapa sawit kami masyarakat di kampung pegat bukur sambeliung rau prop kalimantan
374,adu masalah rugi tanah bangun proyek migas desa paisubololi bangga provinsiinsi sulawesi
375,batal rencana privatitsasi energi nasional lalu program holding subholding ipo pertamina pln
376,berat ada putus jakarta yang beda satu perkara no pdt suspkpu niaga pst agustus februari lalu kasasi
377,berat ada putus jakarta yang beda satu perkara no pdt suspkpu niaga pst agustus februari lalu kasasi
378,berat ada putus jakarta yang beda satu perkara no pdt suspkpu niaga pst agustus februari lalu kasasi
379,berat ada putus jakarta yang beda satu perkara no pdt suspkpu niaga pst agustus februari lalu kasasi
380,berat ada putus jakarta yang beda satu perkara no pdt suspkpu niaga pst agustus februari lalu kasasi
381,berat ada putus jakarta yang beda satu perkara no pdt suspkpu niaga pst agustus februari lalu kasasi
382,berat ada putus jakarta yang beda satu perkara no pdt suspkpu niaga pst agustus februari lalu kasasi
383,berat ada putus jakarta yang beda satu perkara no pdt suspkpu niaga pst agustus februari lalu kasasi
384,berat ada putus jakarta yang beda satu perkara no pdt suspkpu niaga pst agustus februari lalu kasasi
385,berat ada putus jakarta yang beda satu perkara no pdt suspkpu niaga pst agustus februari lalu kasasi
386,berat ada putus jakarta yang beda satu perkara no pdt suspkpu niaga pst agustus februari lalu kasasi
387,berat ada putus jakarta yang beda satu perkara no pdt suspkpu niaga pst agustus februari lalu kasasi
388,berat ada putus jakarta yang beda satu perkara no pdt suspkpu niaga pst agustus februari lalu kasasi
389,berat ada putus jakarta yang beda satu perkara no pdt suspkpu niaga pst agustus februari lalu kasasi
390,berat ada putus jakarta yang beda satu perkara no pdt suspkpu niaga pst agustus februari lalu kasasi
391,berat ada putus jakarta yang beda satu perkara no pdt suspkpu niaga pst agustus februari lalu kasasi
392,berat ada putus jakarta yang beda satu perkara no pdt suspkpu niaga pst agustus februari lalu kasasi
393,lindung hukum tega hukum duga surat hasil mediasi des mediator akp ahmad nurokhim shh kanit idik tipikor polrestabes semarang langgar kepadae etik profersi disiplin polri
394,adil lindung hukum
395,berat ada putus adil negeri jakarta yang beda satu perkara no pdt sus pkpu niaga pst agustus februari lalu kasasi
396,lapor tindak wenang wenang dilakuakan pihak yayasan islam bima hadap warga desa madawau
397,surat adu
398,berat upaya batal putus inkracht perkara no pdt sus pkpu niaga pst pailit agustus lalu kasasi
399,lindung hukum adu berat
400,minta henti kriminalisasi audit investigasi
401,adil lindung hukum
402,untuk limpah berkas perkara lapor polisi no bareskrim januari sangka sdri deny hendrawati
403,tanya kerja polisi resort sorong kota
404,korban tindak wenang wenang laku salah anggota satreskrim polres bungo tangan perkara pidanaa tipu
405,lapor adu kerja pagar gerbang turap fiktif menteri sekretariat negara ta di tanah aset bmn lokasi kel harjamukti cimanggis kota depok
406,sebar pribadi website mahkamah
407,adil lindung hukum
408,berat kerja sidik tangan lapor polisi no viii pmj dit reskrimum
409,adu rusa curi pinus kspn danau toba
410,bantu minta jiwasraya program pht ada program restrukrisasi polis jiwasraya pensiun indosat tbk lebih tenang mejalani masa pensiunanya
411,lapor adu hadap jadi praktik mafia tanah
412,lapor adu hadap jadi praktik mafia tanah
413,masuk mohon
414,lapor adu hadap jadi praktik mafia tanah
415,lapor perilaku majelis hakim tipikor banda aceh bupati simeulue sidang kasus korupsi pelihara jalan jembatan kabupaten simeulue sendiri rp miliar
416,cari adil lesi hukum
417,usul revisi uu otsus papua
418,lapor adu marak praktik judi toto gelap
419,lindung hukum adil tindaklanjut tagan perkara pidanaa
420,adu mohon lindung hukum
421,adu mohon bantu lindung hukum
422,adu mohon
423,atensi kait kasus palsu tanda tangan lurah stempel lurah beliung kota jambi lapor polisi sektor kota kotabaru kota jambi
424,ambil bpkb bukti lunas
425,hapus pasal uu ite undang undang nomor tahun
426,selesai masalah hukum hadap arah direktur tindak pidanaa hadap orang harta benda jaksa negeri tanjung balai karimun siap diri gugat perdata milik barang bukti marsen purba bagaimana putus nomor pid november
427,lindung hukum mohon terbit shm no tukang abdul rachman saleh dasar putus no tun juni pdt jak sel putus pdt dki putus pdt putus putus nomor pk pdt
428,lindung hukum sttp yan skpt restra medan juli buat cabul hadap anak perempuan bawah umur nama agnesc surat
429,lapor adu tindak pidanaa mafia tanah
430,lindung hukum adil
431,lindung hukum
432,pemberitahuan sengketa puskopad dambb medan sei balai batubara sk mendagri no da luas ingat
433,henti eksekusi lindung hukum kemanusian hadap tani anggota koperasi sri gumala sakti goda
434,surat adu hubung putus no pn malang surabaya mungkin republik indonesiaa kena rumah rumah huni kami adu bapak presideniden selaku panglima tentara nasional indonesiaa
435,surat adu hubung putus no pn malang surabaya mungkin republik indonesiaa kena rumah rumah huni kami adu bapak presideniden selaku panglima tentara nasional indonesiaa
436,awas evaluasi kembang kasus hukum tindak pidanaa korupsi suap proses tagan proyek irigasi dinas psda bulukumba ta jaksa sulsel
437,pendanpingan mohon mediator
438,adu masyarakat
439,knalpot aftermarket
440,lapor tindak wenang wenang jatrantas polres kota pematang siantar
441,marak game judi online yummy greedy bigo live indonesiaa bulan puasa
442,lapor adu duga gelap sertifikat psr tola
443,mas adil orang kecil
444,adil timbang hukum
445,tanggap lapor adu lindung hukum wahid pm dakwa majelis hakim makassar putus perkara pidanaa no pid makkasar sinyalir sangat keliru
446,lapor informasi perilaku hukum mohon lindung hukum
447,lindung hukum
448,remisi tahan
449,remisi tahan
450,lindung hukum
451,sangat penting kena hukum
452,pemeberitahuan notifikasi gugat buat lawan hukum mekanisme gugat warga negara citizen lawsuit actio popularis
453,kabidpropam polda sulsel bersma jajar konsisten vonis anggota polri laku tindak pidanaa narkotika
454,adu lindung hukum
455,lindung hukum klien rina lauwy kosasih korban duga selingkuhp suami antoniuss kosasih dirut taspen
456,lindung hukum klien rina lauwy kosasih korban duga selingkuhp suami antoniuss kosasih dirut taspen
457,lapor polisi lp spk res btaanghari februari nama zaina tussadiah lapor albani saputra
458,duga langgar oleh direksi kai ada tanggung jawab
459,bantu selesai perkara tingkat kasasi sudah putus mahkamah tetapi lama eksekusi adil negeri palangka raya
460,lindung hukum tega hukum duga surat hasil mediasi des mediator akp ahmad nurokhim langgar kepadae etik profesi disiplin polri
461,untuk adil
462,lindung hukum
463,lindung hukum
464,langgar berat mana tni polri komnas dan aparat jabat usaha konspirasi mrampas tindas
465,khilapan hakim putus projustitic tanah negara di sp sidik polres sumenep kasus serobot tanah kas desa bangun kmapus unija mantan bupati d dkk di ambil cara paksa nama pribadi bagaimana maksud pasal kuhpp praperadilan tolak
466,lindung hukum
467,lindung hukum
468,lindung hukum selamat aset negara bpjs ketenagakerjaan
469,cabut somasi lapor adu
470,lindung hukum tunda ubah tempat periksa klarifikasi lapor polisi viii jt agustus
471,surat lapor adu
472,adu mohon bantu awas perkara
473,tindak lanjut buku lapor polisi lebih kurang bulan
474,adu sindikat mafia tanah
475,lapor ketua adil negeri jember marolop simamora mh laku eksekusi bagai dasar buat surat tetap eksekusi rujuk putus ganda tidak pasti hukum
476,selesai kasus tanah an darius hindu
477,ulas dalam mohon tindak lanjut pidanaa
478,adil kenan untuk tinjau kasus hukum timpa masuk pecat saya oleh perum bulog
479,surat mohon lindung hukum lapor polisi no iii lantas maret entang celaka lalu lintas korban an siraj al hudaag sp
480,mohon bantu beri klarifikasi verifikasi hadap tindak hartono tan property manager kelola gedung rumah susun campur itc roxy mas
481,lapor adu mohon lindung hukum
482,turut adil sama mata hukum
483,adu masyarakat
484,adu masyarakat
485,lindung hukum adil
486,lindung pasti hukum
487,tangkap kakak kandung alm koharuddin dg sibali binbakkarang tangkap aniaya di siksa akibat al koharuddin dg sibali tinggal dunia pada juli
488,duga langgar hukum serta kepadae etik pedoman prilaku hakim ketua majelis hakim adil negeri parepare adil makassar
489,tindak lanjut adu
490,adu lapor kait tolak sidi polres batubara vii res batubara laksana ketntuan atur kapolri tahun sidi tindak pidanaa khusus pasal dan
491,berat lamban tangan kasus bunuh anak lp no sttlp spkt cut mei mohon ditindaklanjuti
492,adu mohon lindung hukum hadap proses gelar perkara laku biro awas sidi biro wasidik bareskrim mabes polri tanggal d
493,lindung hukum adil adil adil nya
494,lapor beri kuasa hadap sidik duga tindak pidanaa bagaimana atur kitab uu hukum pidanaa kuhpp pasal culi polisi daerah polda
495,undang klarifikasi panjang tangguh relaksasi restrukturisasi hak wajib kredit anggun rekening pinjam
496,adil atensi
497,adil lindung hukum
498,adil lindung hukum
499,lapor adu kena anggota polres
500,lindung hukum kait lapor polisi nama agustus
501,tunda perkara perdata pdt perkara adil tingkat pdt plw bjm duga beri bukti terang palsu mohon kasasi hasbiansari
502,lapor duga langgar kepadae etik
503,tindak hukum
504,lindung hukum bijaksana
505,tega hukum adil
506,adil hukum
507,minta adil
508,pemberitahuan kena hukum
509,terang status tindak lanjut perkara no pdt jkt pst
510,pemberitahuan kena hukum
511,suara hati orang ibu adil
512,lindung hukum berat atau tunda ubah tempat periksa klarifikasi lapor polisi no pol vi rjs maret nama lapor kathrin
513,pemberitahuan klarifikasi
514,adu bas hukum
515,monitoring lindung hukum
516,berat tolak proses lelang kpknl provinsiinsi jambi kait fasiltas kredit no rekening pt bri agroniaga tbk
517,lindung hukum
518,adu kait buruk layan publik tidak profesional orang desa sempu camat sempu kabupaten banyuwangi provinsiinsi jawa
519,surat untuk minta jelas hukum ada indonesiaa sangkut lembaga hukum pn surabaya lembaga menteri uang negara ditjen kaya negara djkn jawa kpknl surabaya lalang barang palsu alias bodong tindak kriminal
520,surat untuk minta jelas hukum ada indonesiaa sangkut lembaga hukum pn surabaya lembaga menteri uang negara ditjen kaya negara djkn jawa kpknl surabaya lalang barang palsu alias bodong tindak kriminal
521,adu tidak profesional jpu jalan tugas tanggungjawabnya
522,lapor duga jadi rusa lingkung das jeneberang
523,lindung hukum adil
524,lindung hukum lapor polisi no jateng pbg mei
525,pasal kpk nasional
526,pasal kpk nasional
527,lindung hukum pantau hadap perkara pid jkt utr adil negeri jakarta utara
528,awas pra adil no pid prad bjm
529,adu mohon adil
530,lindung saksi korban keluarga hal yang ingin
531,adu
532,adu minta prioritas selesai kasus sengketa tanah
533,lindung hukum atensi hukum tindak hukum
534,adu adil
535,lindung hukum
536,lindung hukum putus mahkamah ri
537,adu adil
538,jabat publik tunduk hukum
539,lapor adu kena akun tokopedia
540,jawab gugat iv dandiduga kuat palsu
541,lindung hukum
542,batal sertifikat kait mafia tanah manipulasi pada tanah tanjung jabung barat
543,lindung hukum kait tindak arogan preman langgar hukum
544,lindung hukum
545,susul lindung hukum rangka tega hukum
546,calon taruna akpol daftar belum jelas nasib
547,lindung hukum
548,pasti hukum mati wajar alm harianto candra sitohang mohon lindung hukum berat tindak kasat reskrim polresta dei serdang sidik proses hukum tangan kait duga sebut
549,lapor adu kait anggota organisasi masyarakat ikat pemuda karya provinsiinsi jambi laku tindak arogan preman rusa lawan hukum
550,tanggap nyata sikap dpd kongres advokat indonesiaa sumatera dpd kai sumsel hubung pasal ruu kuhpp
551,atensi tanggap surat lapor hak lahan
552,lapor adu lindung hukum adil kait ptdh
553,pemberitahuan berat hasil putus mk no php bup
554,lapor duga langgar kepadae etik polisi lindung damping hukum instansi intansi kait
555,tanggap jelas surat polisi polda jatim irwasda
556,lindung hukum
557,lapor duga langgar kepadae etik pedoman perilaku hakim majelis hakim adil negeri palembang
558,adu kena sengketa tanah
559,lindung hukum
560,awas tega pasti hukum lp sumut spkt tanggal
561,tindak lanjut lapor polisi vii sumut spkt tanggal
562,lindung hukum pantau hadap perkara pid jkt utr adil negeri jakarta utara
563,untuk tanggung jawab hukum hadap kerja komisi yudisial ky
564,lindung hukum koruptor
565,rencana forum masyarakat toba gera tuntut akta lapor kasus duga tindak pidanaa jahat jahat toba pulp lestari negara kepada masyarakat toba sejak
566,lindung hukum pavithar prem harjani
567,surat antar no sp int lppri
568,adu masyarakat resah
569,surat adu lindung hukum bantu awas duga malpraktik rumah sakit awal bros primaya hospital north bekas
570,adu masyarakat
571,adu berat mohon batal terbit sertifikat sampai nomor desa dusun mudo camat muara papalik kantor tahan kabupaten tanjung jabung barat mohon pantau hadap proses adil sedang gulir tingkat kasasi mahkamah ri polda jambi
572,tindak tegas langgar hukum
573,tembus surat kpk
574,adil pasti hukum
575,lindung hukum
576,peninjaun ulang veriifkasi teknis mohon tega hukum adil adil
577,lindung hukum
578,cari adil
579,lindung hukum
580,resah iklan shopee bintang tukul arwana tayang cara agresif jam tayang acara anak
581,aspirasi kait baharu revisi uu informasi transaksi elektronik uu ite
582,batas usia filter media sosial
583,izin dinas tanam modal layan padu pintu
584,lapor polisi lpiv spka polda jambi april nama lapor darkasih lapor mangara tua siagian
585,lindung hukum laku gelar perkara hadap surat surat milik kepadaam
586,batal calon lulus pilih taruna akpol tamtama polri wilayah polda kepri
587,usul ubah ruu bpip audiensi
588,surat
589,adu masyarakat
590,adu oknum anggota tni ad
591,adu tindak pidanaa laku kakaminvetced kupang
592,selesai sengketa tanah lapor masalah tanah tni au moratai masyarakat lingkar bandara leo wattimena
593,lindung keraton nusantara
594,lindung keraton nusantara
595,pemberitahuan lewat batas waktu surat adu no rbh phtm he yang tuju ditjen gakum menteri lhk hutan no agenda phlkm dirjen plhkkm tanggal mohon sebut anggap kabul cara hukum
596,segera tindak lanjut
597,segera tindak lanjut
598,cepat tagan aksi rusa curi kayu wilayah blitar
599,lindung hukum
600,duduk kawasan hutan izin menteri
601,masalah tenorial kawasan hutan
602,konfirmasi perintah ibu menteri tuntas selesai mediasi kelompok tani reboisasi mandiri hutan lindung sei mahato hadap torganda kab rok hulu riau
603,adu lapor ganggu keamanaan hutan
604,lapor adu duga ilegal logging olah kayu izin
605,marak aksi curi kayu
606,peninjaun ulang veriifkasi teknis mohon tega hukum adil adil
607,tiada cuti sama libur nasional
608,berat putus importasi garam banyak juta ton
609,butuh aspirasi masyarakat maritim
610,butuh aspirasi masyarakat maritim
611,diskualifikasi calon pimpin langgar protokol sehat
612,pilkada serentak cara daring
613,milu rukun demokrasi pancasila milu lot aja coblos
614,adu lapor partai politik
615,desa tunda pilkada serentak
616,periksa status lapor
617,lindung hukum hadap laksana putus adil tun medan no pilkada ptun mdn november
618,perlu kaji lebih lanjut hadap status masa akhir jabat presideniden bagai anggota senator umur hidup
619,aspirasi rakyat biasa
620,pemberitahuan gugat selisih partai politik
621,audiensi
622,kerja jadi tenaga sehat
623,salur dana bansos covid bst kemensos
624,reformasi kerja bijak jokowi
625,bijak kerja perintah salah
626,adu proses seleksi konsil farmasi ktki kemekes
627,bijak tangan era pandemi
628,tingkat testing tracing treatment
629,bijak perintah bas musyawarah sains
630,aspirasi kerjasama negara dan tangan corona
631,bijak tangan pandemi corona
632,bijak tagan pandemi
633,provinsiinsi kota prioritas covid
634,tiada cuti sama libur nasional larang demonstrasi giat masal
635,waspada episentrum baru indonesiaa
636,reformasi biokrasi era pandemi
637,jakarta masa kritis
638,aspirasi tangan corona indonesiaa
639,aspirasi zonasi covid provinsiinsi daerah
640,batal buka bioskop
641,bijak jitu hadap pandemi
642,materi pandemi covid masuk kurikulum sekolah pasca pandemi
643,update corona siar lalu tv siar dalam tv
644,jawa dan provinsiinsi indonesiaa lebih serius tangan corona
645,tempat giat larang era pandemi risiko sedang tinggi hadap covid
646,cari adil lalai perintah desa sebab anak tinggal jadi palsu tanda tangan
647,cegah indonesiaa jadi amerika serikat
648,anggota bpjs sehat kelas tiap bulan bayar iur ribu pensiun jual sepi turun kelas dengan bpjs turun tunggu jadi anggota bpjs turun bulan febr keluar bpjs tdk boleh saya tetap bayar ribud bulan jan padahal hasil saya sedikit cukup makan kalau tdk bayar jadi hutaang saya kepada bpjs
649,adu adil hukum laku indonesiaa
650,aspirasi batal libur natal tahun baru akibat lonjak covid
651,kasus covid indonesiaa potensi tembus angka juta
652,kasus covid indonesiaa potensi makin rajalela
653,ruu farmasi
654,batas eropa hadap vaksin astrazeneca pfizer
655,siap hadap pandemi ikut
656,vaksinasi generasi muda baik ajar mahasiswa maupun generasi milenial
657,jangan gantung vaksin
658,akses vaksinasi generasi muda
659,marak rusa fasilitas sehat
660,adu guna bpjs rumah sakit
661,cetak kartuid bpjs sehat
662,bijak ppkm darurat
663,lapor adu hadap putus telah keluar dekan fakultas dokter universitas halu oleo uho sulawesi tenggara
664,jumlah derita covid indonesiaa sama amerika serikat
665,keluh website menteri sehat
666,adu duga jadi transaksi gelap usaha fiktif laku usaha impotir wilayah hukum kanwil bea cukai provinsi jawa
667,duga praktik curang tindak wenang wenang penyalahgunaan bagai cacad hendak laku pt bank bca finance indikasi rugi konsumen
668,tuntut ganti rugi akibat penyalahgunaan wewenang tri uang
669,tolong kait surat surat
670,tagih kepada presiden jokowi konkrit riil
671,tagih laksana presideniden jokowi
672,adu klaim ajb bumiputra
673,adu klaim ajb bumiputera
674,tagih kepada presiden jokowi konkrit riil
675,tagih kepada presiden jokowi konkrit riil
676,adu
677,lindung bantu produk tabung jangka bonus asuransi
678,dana desa
679,tagih presiden jokowi jalan konkrit riil
680,jam kerja lebih batas waktu kerja normal jam
681,lindung hukum peras pajak dalil periksa pajak
682,surat kronologi jadi blokir rekening alami dampak rugi immaterial
683,dapat masuk usul bentuk buah badan semi otonom tingkat menteri beri usul sementara badan otoritas paja indonesiaa bagai anti direktorat jenderal pajak
684,lunas
685,lindung hukum lapor duga langgar periksa lapor polisi lp tanggal atas lapor gunawan
686,adu masalah santun hari tua sht pensiun karyawan ptpn
687,pns hutang dampak covid pns hutang
688,uang di btn harmoni
689,lapor mohon audit investigasi
690,lapor mohon audit investigasi
691,lindung hukum
692,perbub purworejo no tentang dengan permen lhkk
693,komisi dagang komisi lingkung hidup baleg dpr
694,bantu umkm
695,surat atensi periksa koperasi simpan pinjam sejahtera sama
696,tanya tindak lanjut tanggap surat pensiun cari adil
697,solusi kebijaksanannya
698,saran masuk hadap rancang atur perintah kait laksana uu no tentang cipta kerja
699,nasip ukm tahan masa pademi bisa gulung tikar
700,pertamina ru dumai tutup akses jalan atas pukul wib
701,tindak lanjut surat sekretariat jenderal dpr
702,tindak lanjut surat sekretariat jenderal dpr
703,minta adil anggota koperasi sejahtera sama
704,tanggap hadap surat angkasapurapersero pusat jakarta klarifikasi
705,adu kait penyelesain kasus investasi gcg asia di zholimin
706,adu belum ditindaklanjuti ojk
707,tanya adu kait narada aset manajemen
708,lindung hukum
709,adu nasabah klaim asuransi ajb bumiputera dpr
710,tanggap surat mpam no sm dir mp sept
711,adu klien humisar sahalah kepada ketua komisi dpr agar beri atensi hadap periksa pajak duga tindak pidanaa gelap pajak lapor agus handaja
712,adu namalindung surbakti tiga lapor sebut
713,tanggap surat otoritas jasa uang ojk
714,mohon aspirasi masyarakat
715,jatuh sanksi tegas hadap asuransi jiwa adisarana wanaartha tentu undang undang laku
716,duga laku palsu surat langgar asuransi laku korporasi tidak bayar klaim asuransi jiwa
717,surat
718,selesai wajib polis jatuh tempo bumn jiwasraya persero
719,aspirasi
720,peran tanggung jawab ojk tagan narada aset manajemen
721,surat dua kena tanya adu kait langkah konkrit nyata kait skema selesai pt narada aset manajemen
722,tinjau suku bunga kredit
723,adu minta rdp korban asuransi untuk komisi
724,lindung konsumen adu
725,surat adu awas hadap aktivitas bpr maa salur dana masyarakat
726,lindung cari solusi dapat hak manfaat pensiun lalu past service liability psl pensiun pupuk kalimantan
727,tegur hadap menteri lhkk dirjen gakkum lhkk di jakarta
728,sampah banyak bakar tempat buang sampah
729,polusi udara acon indonesiaa
730,tindak lanjut pertanggungjawaban hukum hadap langgar korporasi cemar lingkung hidup persada pratama cemerlang pt ppc desa meranggu liau sanggau kalbar
731,tutup pabrik gula gudang
732,agar sudi kira kab karimun provinsi kepri
733,lapor duga jadi rusa lingkung das jeneberang
734,visa kerja iraq selalu tolak menteri negeri iraq
735,tolak perintah irak panjang izin kerja kerja profesional indonesia
736,lapor adu
737,bantu pulang
738,kutuk beri sanksi perintah militer burma
739,lanjut lapor yang
740,kantor itpc
741,berat bijak importasi garam ususlan baik cara hitung kuota
742,adu tetap hak wajib dagang pihak kelola pasar cara tulis
743,adu sampai tolak bangun sarana prasarana sarpras menteri pupr beri izin investasi bisnis swasta menteri lhkk pulau rinca taman nasional komodo manggarai barat ntt
744,adu putus kontrak kerja cara
745,rumah genang air hujan
746,rekening listrik lonjak
747,bangun jalan air bersih
748,tinjau jembatan
749,ganti rugi tanah tanam umur pendek panjang warga desa kola laut pulau tonimbar provinsiinsi malu
750,untuk awas perintah menteri negeri laksana putus sudah kuat hukum tetap
751,orang memosting di media sosial hukum kali lipat indonesiaa jadi next united states
752,adu henti keras ipdn jatinangor
753,anggota dpr jadi beking parkir liar
754,antar adu lapor
755,anggota dewan kota payakumbuh langgar uu ite
756,anggota dewan kota payakumbuh langgar uu ite
757,jalan utama rumah rusak
758,bencana banjir
759,usaha usaha desa
760,aspirasi tolak ubah provinsiinsi jadi provinsiinsi sunda
761,keluar cara oleh kader inti pemuda anti narkoba prakarsa webinar kemenpora
762,copot nadiem makarim bagai menteri didik budaya
763,batal ajar pandemi kendali ajar daring efektid
764,batal ajar pandemi kendali ajar daring efektif
765,pop gelontor menteri didik
766,jual beli ijazah aspal daftar ppdikti
767,sertifikasi profesi
768,ketidakadilan telah laku kepala sekolah sd negeri medan sunggal
769,angkat pns
770,harap guru buka daftar cpns baru
771,pungut liar pungli terima murid baru kelastahun ajar dismkn bandung resah orangtua wali murid
772,tindak langgar protokol sehat sman rao utara kabupaten pasaman provinsiinsi sumatera barat
773,larang izin tengah ajar jarak jauh
774,aspirasi didik pasca pandemi
775,dana bos
776,batal giat ajar ajar mulai dari awal mulai karenaa efektif
777,henti giat ajar ajar ini tidak efektif ulang tahun depan
778,sejahtera guru tara pangkat
779,lesi masalah lapor adu
780,beasiswa guru sejahtera
781,di pddikti ubah sendiri
782,program latih guru smk dirjen diksi kemendikbud bahaya guru tengah pandemi
783,utbk pasca pandemi covid
784,tunda utbk hingga dan
785,klarifikasi surat adu
786,sekolah tatap muka
787,ajar tatap muka
788,ajar tatap muka
789,didik jenjang islam pasca pandemi
790,sejahtera guru tara pangkat
791,geser ajar baru juli januari
792,kuliah online permanen bagai langkah cegah sebar covid bagai langkah maju kualitas didik
793,evaluasi ajar daring
794,akreditasi ban
795,menteri nadiem makarim copot jabat bagai menteri didik budaya
796,ketat seleksi jadi guru masa depan
797,nilai sesuai nol
798,ubah ajar bas hots jadi ajar bas multiple intelligience
799,ijazah nasional masalah
800,hidup uji nasional bagai uji akhir kelas akhir
801,ijazah nasional masalah
802,transformasi semua universitas sekolah jadi pondok pesantren
803,transformasi semua madrasah sekolah islam universitas islam jadi pondok pesantren
804,usul guru dewan wakil rakyat
805,pensiun pns guru pemprovinsi jakarta dapat tunjang pensiun
806,pensiun pns guru pemprovinsi jakarta tidak tunjang hak pensiun
807,tahan gaji guru honorer
808,tunjang profesi guru negeri
809,didik kristen
810,tahan rapot ijazah siswa sekolah dasar
811,permendikbud no guru sertifikasi seni budaya kepadae aku linier jadi guru sd sedang serdik kimia fisika akuntansi sosiologi antropologi linier jadi guru sd
812,sscasn pppk guru
813,tunjang profesi guru swasta
814,sejahtera guru tara pangkat
815,surat kait tanya adu kena narada aset manajemen
816,punya pinjam bank btpn bantu
817,tulis judul manfaat besar umum rakyat kecil awas bank ke bi
818,tulis judul manfaat besar umum rakyat kecil awas bank ke bi
819,lindung hukum hadap investasi legal
820,kembali jamin kredit
821,kembali jamin kredit perban
822,produk tabung jangka bonus asuransi
823,skema selesai jiwasraya berat
824,bantu hadap ke ojk
825,bung home credit cekik ojk tutup mata
826,lapor mohon selesai rugi nasabah
827,pemberitahuan potong thr btpn kabupaten sumedang
828,slik debitur ojk
829,lindung hukum
830,kurang angka pengaguran buka
831,kurang pengaguran lingkung
832,kurang angka pengaguran
833,lapang kerja pengaguran
834,proyek bangun sinde budi santosa
835,aspirasi
836,skema tarif ojol sangat rugi mitra
837,terang jalan umum mati panjang jl transyogi sampe jonggol rumah
838,bangun labuh seberang pulau tello di audit duga siluman
839,lindung hukum adu masyarakat
840,adu rusa lingkung pt sawit inti prima perkasa mohon tengak hukum adil adil
841,adu rusa lingkung pt sawit inti prima perkasa mohon tengak hukum adil adil
842,adu sampai tolak bangun sarana prasarana sarpras menteri pupr beri izin investasi bisnis swasta menteri lhkk pulau rinca taman nasional komodo manggarai barat ntt
843,plasma kebun
844,santun hari tua sht
845,adu berat batal terbit sertifikat mohon pantau hadap proses adil
846,adu masyarakat kait duga mafia tanah manipulasi tahan kabupaten tanjung jabung barat hadap terbit sertifikat sampai nomor di desa dusun mudo camat muara papalik kabupaten tanjung jabung barat duga laku mohon sertifikat oknum pns tahan tanjung barat
847,adu masyarakat kait duga mafia tanah manipulasi tahan kabupaten tanjung jabung barat hadap tertib sertifikat sampai nomor di desa dusun mudo camat muara papalik kabupaten tanjung jabung barat di duga laku mohon sertifikat oknum pns tahan kabupaten tanjung jabung barat
848,surat adu klien warga masyarakat kebun tanya apa dasar eksekusi sebut
849,bantu lesi kasus tumpang tindih lahan akibat cacat administrasi sertifikat yang terbit bpn
850,buat sertifikat ptsl
851,lindung hukum lindung hak hak rakyat tanah negara
852,lindung hukum pasti hukum adil agama
853,adu berat di respon tanggap menteri uang tentang surat adu no lcn sep minta rugi surat no lcn
854,untuk tangan masalah sengketa lahan pt antam tbk
855,lapor mohon rekomendasi hadap tanah gresik
856,lapor mohon rekomendasi hadap tanah girik persil an untung nawin
857,tembus surat tuju menteri pu pr
858,teliti kaji batal hadap shm no kel ciumbeleuit an ariefperlambang dan hani purwanto
859,minta tindak lanjut adu kait dilaksanakannay putus ptun telah kuat hukum tetap kantor tanah semarang
860,lindung hukum pasti hukum hadap status hak no sunyaragin hajjah rasminah alm status kepemlikannya alih cara tidak sah cacat hukum
861,penting wajib militer dewasa
862,selesai sengketa tanah warga semanggi pt dip
863,jelas bantu selesai masalah tanah kavling mpr gr no
864,jelas bantu selesai masalah tanah kavling dpr gr no
865,sk gubernur no cabut
866,lapor duga ukur sertifikat hak shm warga tahun selesai kasi au manaek duga lambat urus shm
867,adu alokasi lahan badan jalan buffer zone row rth
868,sengketa tanah
869,lapor lindung hukum
870,aspirasi
871,bantu selesai tuntut hak rugi lahan
872,adu tindak serobot lahan kuasa sah
873,lapor adu kait praktik mafia tanah laku sarmuji hasan lili marlina ahmad nur yaqin cara anggota organisasi masyarakat ikat pemuda karya provinsiinsi jambi
874,sengketa lahan tanah masyarakat ptpn lampung
875,selesai kelola lahan masyarakat desa pancur mas ujung rembun lampung barat provinsiinsi lampung
876,adu minta kepala tanah lanjut proses buat sertifikat
877,pemberitahuan hak tanah
878,bukti bukti hadap kuasa fisik tanah kapling no rt desa dusun mudo camat muara papalik tanjung jabung barat jambi
879,lapor informasi tanah
880,tuntut selesai surat surat tanah ulayat tanah adat suku ireeuwnrizal muinh dominggus ireeuw kel hamadi distrik jayapura kota jayapura provinsiinsi papua dasar inpresiden tahun
881,adu lambat tagan adu oleh kanwil atr bpn provinsiinsi jambi kait surat no hr oktober lapor duga praktik mafia tanah
882,terang surat sekjen agraria no mei wenang wenang menyalahgunakan wenang tolak lawan wajib hukum pp pasal daftar tanah buka umum pasal ayat uu tentang kip pasal duga bela lindung hak rahasia pribadi mafia tanah rugi rakyat dan rugi negara
883,lindung hukum pasti hukum hak tanah sertifikat hak no desa kertajati dahlu desa bantarjati kidul bekas adat persil no v letak blok tirip kidul kertajati majalengka belum bayar bebas area bandara bandara internasional jawa barat
884,hasil investigasi rugi lahan
885,bayar rugi tanah tanam
886,buat sertifikat ptsl
887,hasil investigasi luas lahan
888,terang adu
889,adu izin giat antam kota hgu
890,adu izin giat antam kota hgu
891,adu izin giat antam kota hgu
892,cabut batal sertifikat tanah no
893,surat kena batal cabut hgb no desa marga mulya dengan koperasi usaha anak negeri no usar tanggal
894,ditindaklanjuti surat agustus kena waris luas tanah
895,sertifikat rumah
896,desak batal hgb no guntur beri sanksi pegawai pns henti jabat ppat foto copy ajb
897,lindung hukum serobot tanah laku oknum mafia tanah
898,bela tanah kebun warga duga serobot oknum nama tan eng hok abdullah syahab
899,tembus urus sertifikat warga lama yang diam bpn sby proses bpn
900,bebas tanah lokasi bandar udara sultan hasanuddin makassar
901,kerjasama masyarakat selat mie jual pulau kepri usaha batam batam alam lestari iskandar tio
902,saran bumi pancasila
903,surat nyata kuasa fisik tanah sporadik
904,terima tolak cara tegas perbub no
905,gnati rugi lahan masyarakat desa teluk tenggirik
906,lindung hukum lama proses urus sertifikat tanah bpn padang pariaman tidah sop makan waktu tahun
907,ahli waris sah pernah terima rugi perintah daerah aceh hadap bebas tanah waris alm thaleb aman banta cut mana tanah sebut perlu penting bangun jembatan jalan genting gerbang sp desa uning pegantungen bies aceh yang mana dana bangun sumber apbn
908,protes kait kerja bpn depok selaku ppt tol cijago
909,aju batal putus kerja tanah sertifikat tanah hak no desa waru catat an juan revindo bruinier putus sebut kandung cacat hukum administrasi terbit alih
910,adu tanah
911,adu mohon audiensi
912,tuntut selesai surat surat tanah ulayat tanah adat suku ireeuwnrizal muinh dominggus ireeuw kel hamadi distrik jayapura kota jayapura provinsiinsi papua dasar inpresiden tahun
913,tuntut selesai surat surat tanah ulayat tanah adat suku ireeuwnrizal muinh dominggus ireeuw kel hamadi distrik jayapura kota jayapura provinsiinsi papua dasar inpresiden tahun
914,ke jelas bantu selesai masalah tanah kavling dpr gr no
915,rdp kait tindak lanjut rekomendasi komnas ri no mediasi
916,jual tanah negara duga lawan hukum
917,surat sertifikat tanah ptsl kunjung selesai
918,surat sertifikat tanah ptsl kunjung selesai
919,lindung hukum lahan
920,lindung tanah
921,adu kembali hak duduk bagai pns
922,aju batal putus sertifikat tanah hak nomor desa waru catat nama juan revondo bruinier putus sebut kandung cacat hukum administrasi terbit alih
923,lindung hukum lapor curang luas lahan
924,adu berat hadap lahan waris
925,janggal putus kasasi perdata no pdt
926,lapor adu curi luas lahan
927,adu kait ketidakadilan duga mufakat jahat hal ambil aset pemda banyumas
928,adu minta kepada kanwil bpn sulsel
929,minta bantu tegak hukum tanah untuk cepat selesai sengketa tanah
930,minta bantu tegak hukum tanah untuk cepat selesai sengketa tanah
931,bantu selesai tanah saya luas hektar ambil mp leidong west indonesiaa
932,adu rusa curi pinus kspn danau toba
933,lapor adu hadap jadi praktik mafia tanah
934,adu lambat tagan adu oleh kanwil atr bpn provinsiinsi jambi kait surat no hr oktober lapor duga praktik mafia tanah
935,lindung hukum bagai kasus mafia tanah mafia adil rekomendasi hasil gelar rapat koordinasi selesai masalah sertifikat hak nomor mangga besar nama tety hertika wibisono arie lesmana ardi krismaadi
936,lindung hukum bagai kasus mafia tanah rekomendasi hasil gelar rapat koordinasi selesai masalah tanah adat luas m rupa dari tanah hak pakai mampang prapatan nama departemen koperasi luas m letak keluarahan mampang prapatan camat mampang prapatan kota administrasi jakarta provinsiinsi jakarta
937,lindung hukum bagai korban kasus mafia tanah mafia paradilan rekomendasi hasil gelar rapat koordinasi selesai masalah tanah h sertifikat hak yang rupa dari tanah sertifikat hgb no curug sangereng nama tjitarik letak lurah sangereng cihuni camat kelapa duah tangerang provinsiinsi banten jawa barat
938,lindung hukum mohon terbit shm no tukang abdul rachman saleh dasar putus no tun juni pdt jak sel putus pdt dki putus pdt putus putus nomor pk pdt
939,adu minta kepada jabat wenang tidak biar kantorpn mks lampau wewenang menyalahgunakan wenang di perintah di paralat pt gmtd
940,adu kasus duga mafia tanah serobot hutan negara
941,prihatin nilai rugi
942,ganti kerugin sebagain tanah bekas kebun jatinangor luas m ahli waris baron baud ny antja alias markoba kena jalan tol cisumdawu seksijatinangor sumedang provinsiinsi jawa barat
943,adu minta konfirmasi lantik kanwil bpn sulsel thn dasar sumpas janji jabat nib gir nb digit terbit sertifikat untuk hormat instruksi dirjen tagan mas tanah hari hak masyarakat di dalam lesi sengketa tanah
944,selesai sengketa
945,adu hadap kantor agraria tata ruang badan tahan nasional kota administrasi jakarta yang dapat bantu selenggara minta mediasi sengketa tanah pt moderland realty tbk proyek jakarta garden city
946,minta kepada menteri agraria beri salin foto copy buku tanah no hgbn gmtd surat ukur no dasar uu no thn tentang kip psl psl ayat ayat ayat kait surat bpn mks no guna untuk cepat selesai sengketa tanah
947,adu minta kepada menteri agraria beri salin foto copy buku tanah no hgbn gmtd
948,minta jabat wenang konfirmasi objek perkara tun no sertifikat hak pakai nib digit mn departemen parawisata
949,lindung dasar adil benar hukum pembernaran yang laku kepala badan tahan nasional bpn jakarta barat
950,adu minta jabat wenang bantu cegah berantas tindak pidana korupsi surat kanwil bpn sulsel no tg lawan pp hambat proses cepat selesai sengketa tanah akibat investasi rugi negara rugi rakyat rugi ekonomi hak sejahtera perempuan rugi ny lucyana
951,adu masyarakat hadap ampas lahan
952,selesai sengketa lahan desa bukitraya bukit makmur usaha malaysia satriya hupasarana
953,surat adu suara hati orang ibu adil
954,adu batal putus kerja tanah sertifikat tanah hak no waru catat nama juan revindo bruinier karena putus sebut kandung cacat hukum administrasi terbit alih
955,adu masyarakat
956,pembebesan tanah tol semarang demak miskin tanah
957,lanjut lapor yang kena hak lahan
958,berat hadap henti sidik lapor buat mafia tanah lapor mei lapor polisi bareskrim juni direktur tindak pidanaa umum bareskrim polri surat ketetpan notap x dittipidum oktober tidak pernah diberitahukan lapor kuasa cara hukum buat kriminalisasi profesi advokat bela klien itikad baik polisi no lp kaltim restasmd oktober sidik polresta samarinda rugi hak hukum bagai profesi advokat
959,lapor adu mohon lindung hukum
960,mohon lindung hukum bagai korban kasus mafia tanah rekomendasi hasil gelar rapat koordinasi selesai masalah tanah adat nama tan tjeng thian luas m rupa dari tanah hak bangun sindang sari nama delta cendana cita persada luas m letak kleurahan sindang sari camat cendana cita persada luas m letak lurah indang sari camat pasar kemis kabupaten tangerang provinsiinsi banten
961,lindung hukum bagai korban mafia tanah mafia adil rekomendasi hasil gelar rapat koordinasi selesai masalah batal terbit hak nomor munjul luas m hak nomor munjul luas m letak lurah munjul kecamatancipayungh camat pasar rebo kota administrasi jakarta provinsiinsi jakarta
962,lindung hukum bagai korban mafia tanah mafia lelang rekomendasi hasil gelar rapat koordinasi selesai masalah batal terbit hak nomor cengkarenag atas effendi gunawan hak nomor cengkarenag atas farida liana fui me lim fui letak lurah cengkarenag camat cengkarenag kota administrasi jakarta barat provinsiinsi jakarta
963,adu babat lahan
964,lindung hukum hadap tanah tangerang
965,surat terang klarifikasi kena tanah serang
966,terus berkas surat dasar nota dinas nd dpsp tanggal lampir
967,pemberitahuan portal tutup lahan sengketa
968,adu tindak serobot lahan kusa tindak sah
969,awas kait administrasi blokir sertifikat hak milk laku kantor tahan
970,awas kait administrasi blokir sertifikat hak yang laku kantor tahan kota medan
971,pembatan shm kait tindak arogan preman langgar hukum
972,lapor konfirmasi resmi hadap lahan
973,lapor duga pungli suap ampas tanah oknum mafia tanah lahan kami dasar sertifikat hak dengan bukti serot bank bca
974,solusi ex hgb an irwan santoso hgb n subekti fisik tanah terbit dasar surat surat palsu mati lama sudah tidak punya kuat hukum hukum ini ada biar oknum bpn akibat rugi milik sah edhi setiawan
975,aju batal putus hak tanah sertifikat tanah hak nomor desa waru catat nama juan revindo bruinier putus sebut kandung cacat hukum administrasi terbit alih
976,adil tara tani
977,dokumen aspirasi tani
978,bangun jalan kebon sawit areal kelompok tani sinar meriu abab pt golden blossom sumatera gbs
979,tegur hadap menteri lhkk dirjen gakkum lhkk di jakarta
980,berat putus importasi garam banyak juta ton
981,adu mohon lindung hukum
982,sertifikat rumah
983,laku pasal pp no tentang penyelengaraan rumah susun apartemen pancoran riverside
984,dukung adu
985,masuk rekomendasi dr herman darnel ibrahim bagai anggota den
986,bantu covid
987,usul penting
988,pemberitahuan aksi jalan kaki jkt
989,program kemensos santun keluarga korban tinggal covid
990,aju beberapa usul
991,dengar
992,lindung hukum klien rina lauwy kosasih korban duga selingkuhp suami antoniuss kosasih dirut taspen
993,lapor laku tindak kkn
994,lowong kerja
995,usul harap sangat dengan kedaan ppkm darurat
996,surat nyata dukung bangun ruas jalan container maribu depapre
997,somasi ii
998,petisi tolak ruu cipta kerja omnibus law
999,kbri riyadh mau bantu masalah ayah
1000,lowong kerja
1001,adu phk dapat sangon masa kontrak lebih thn
1002,bantu tidak dibyarnya sangon hak karyawan pensiun kebun mitra ogan
1003,bantu adu phk sophie paris indonesiaa
1004,tolak ruu omnibus law
1005,dapat bantu tunai langsung blt
1006,di juang revisi terima blt anggota bpjs ketenagakerjaan cantum kelompok pensiun bumn
1007,klaim cair bpjstku
1008,uang sangon anwar muzamil
1009,aspirasi masyarakat
1010,lapor kena usaha
1011,bantu tagan hadap lapor hadap balai awas ketenagakerjaan kota bogor
1012,tindak wenang wenang kantor layan pajak pratama atambua cq kantor layan suluh konsultasi paja soe putus phk tidak hormat
1013,adu tagih
1014,tolak omnibus
1015,tuju kesah omnibus law
1016,uu cipta kerja
1017,tolak ruu omnibus law
1018,aspirasi serikat buruh
1019,legislatif review uu cipta kerja omnibus law
1020,omnibus law
1021,adu lapang kerja
1022,aspirasi forum solidaritas buruh banjar lsm masyarakat gera masyarakat bawah indonesiaa lsm gmbi kota banjar
1023,bantu hukum hadap buruh
1024,aspirasi mahasiswa serikat buruh ormas balikpapan hadap uu omnibus law cipta kerja
1025,tuntut aksi paliko
1026,petisi mahasiswa
1027,adu kait masif langgar jumlah usaha kelapa sawit kalimantan
1028,nyata sikap hadap omnibus law
1029,minta fasilitas terus aspirasi pimpin dpr oleh pimpin dprd jember
1030,phk dari usaha egois
1031,phk
1032,hipotesis perintah indonesiaa hipotesis dpr
1033,bantu pulang jenazah an rustandi binti sukron pepe negara arab saudi riyadh
1034,aspirasi kena usaha tidak bayar hak sangon
1035,program prakerja
1036,beri sangon
1037,surat no lr ad phk pid tentang ketenagakerjaan
1038,adu hak kerja
1039,masalah kerja diskusi cari jalan baik
1040,masalah kerja
1041,butuh kerja
1042,adu biaya rapid test antigen cekik rakyat
1043,cari kerja
1044,cari kerja di phk
1045,coret sdr yayat syafirul hidayat bagai calon angota dewan awas bpjs ketenagakerjaan unsur kerja
1046,coret sdr yayat syafirul hidayat bagai calon angota dewan awas bpjs ketenagakerjaan kerja
1047,adu masyarakat dpr kait selisih hak sangon
1048,adu masyarakat dpr kait selisih hak sangon
1049,adu masyarakat dpr kait selisih hak sangon
1050,bantu phk dari esham dima mandiri gabung dima group
1051,adu langgar ketenagakerjaan
1052,adu masyarakat dpr kait selisih hak sangon
1053,adu masyarakat dpr kait selisih hak sangon
1054,adu langgar ketenagakerjaan
1055,adu masyarakat dpr kait selisih hak sangon
1056,adu tekait selisih hak sangon turut uu ketenagakerjaan
1057,adu masyarakat dpr kait selisih hak sangon
1058,langgar norma hukum ketenagakerjaan
1059,adu masyarakat dpr kait selisih hak sangon
1060,phk karyawan
1061,selisih hak sangon
1062,adu langgar ketenagakerjaan
1063,adu phk
1064,phk
1065,santun hari tua sht
1066,ada laku adil berkarir
1067,hak kerja abai usaha
1068,kendala latih kartu prakerja
1069,putus hubung kerja wenang wenang manajemen bank bni
1070,adu kena ketenagakerjaan
1071,butuh kerja
1072,kerja migran korea
1073,adu tenaga kerja luar negeri korea
1074,keluh ketenagakerjaan
1075,revisi pencabutab uu no tentang akuntan publik
1076,bijak sejahtera sosial lapang kerja
1077,wakil bi ntb
1078,adu phk
1079,awas kerja sudinaketrrana jakarta
1080,petisi mahasiswa
1081,cipta lapang kerja
1082,aspirasi kait omnibus law
